section,section_sr,section_en,category_sr,category_en,subcategory_sr,subcategory_en,display,name_sr,name_en,note_sr,note_en,price,image,active
coffee,Безалкохолно,Non-alcoholic,Кафа,Coffee,,,list,Еспресо,Espresso,9 g арабика 100%,9 g arabica 100%,190,,1
coffee,Безалкохолно,Non-alcoholic,Кафа,Coffee,,,list,Еспресо,Espresso,9 g микс арабика 80% + робуста 20%,9 g mix of arabica 80% + robusta 20%,190,,1
coffee,Безалкохолно,Non-alcoholic,Кафа,Coffee,,,list,Дупли еспресо,Double espresso,18 g кафе,18 g of coffee,260,,1
coffee,Безалкохолно,Non-alcoholic,Кафа,Coffee,,,list,Еспресо са млеком,Espresso with milk,,,200,,1
coffee,Безалкохолно,Non-alcoholic,Кафа,Coffee,,,list,Дупли еспресо са млеком,Double espresso with milk,,,270,,1
coffee,Безалкохолно,Non-alcoholic,Кафа,Coffee,,,list,Еспресо са сојиним млеком,Espresso with soy milk,,,210,,0
coffee,Безалкохолно,Non-alcoholic,Кафа,Coffee,,,list,Американо,Americano,,,190,,1
coffee,Безалкохолно,Non-alcoholic,Кафа,Coffee,,,list,Макијато,Macchiato,,,210,,1
coffee,Безалкохолно,Non-alcoholic,Кафа,Coffee,,,list,Капућино,Cappuccino,,,230,,1
coffee,Безалкохолно,Non-alcoholic,Кафа,Coffee,,,list,Капућино са сојиним млеком,Cappuccino with soy milk,,,260,,0
coffee,Безалкохолно,Non-alcoholic,Кафа,Coffee,,,list,Фредо еспресо,Freddo espresso,Дупли еспресо,Double espresso,270,,1
coffee,Безалкохолно,Non-alcoholic,Кафа,Coffee,,,list,Фредо капућино,Freddo cappuccino,Дупли еспресо,Double espresso,300,,1
coffee,Безалкохолно,Non-alcoholic,Кафа,Coffee,,,list,Лате,Latte,,,260,,1
coffee,Безалкохолно,Non-alcoholic,Кафа,Coffee,,,list,Нес,Nescafé,,,250,,1
coffee,Безалкохолно,Non-alcoholic,Кафа,Coffee,,,list,Нес са сојиним млеком,Nescafé with soy milk,,,340,,0
coffee,Безалкохолно,Non-alcoholic,Кафа,Coffee,,,list,Нес Бејлис,Nescafé Baileys,,,350,,1
coffee,Безалкохолно,Non-alcoholic,Кафа,Coffee,,,list,Домаћа кафа Зрнослава,Zrnoslava traditional coffee,,,150,,1
coffee,Безалкохолно,Non-alcoholic,Топли напици,Hot Drinks,,,list,Милфорд,Milford tea,камилица / нана / црни / јагода-јогурт / јабука-цимет,chamomile / mint / black / strawberry-yogurt / apple-cinnamon,190,,1
coffee,Безалкохолно,Non-alcoholic,Топли напици,Hot Drinks,,,list,Топла чоколада,Hot chocolate,бела / црна,white / dark,320,,1
coffee,Безалкохолно,Non-alcoholic,Топли напици,Hot Drinks,,,list,Кувано вино,Mulled wine,,,320,,1
coffee,Безалкохолно,Non-alcoholic,Цеђени сокови,Fresh Juices,,,list,Лимунада,Lemonade,,,270,,1
coffee,Безалкохолно,Non-alcoholic,Цеђени сокови,Fresh Juices,,,list,Цеђена поморанџа,Fresh orange juice,,,360,,1
coffee,Безалкохолно,Non-alcoholic,Цеђени сокови,Fresh Juices,,,list,Цеђени грејп,Fresh grapefruit juice,,,390,,1
coffee,Безалкохолно,Non-alcoholic,Цеђени сокови,Fresh Juices,,,list,Цеђени микс,Fresh mixed juice,,,410,,0
coffee,Безалкохолно,Non-alcoholic,Негазирани сокови,Still Juices,,,list,Кјуб,Qube,јагода / јабука,strawberry / apple,240,,1
coffee,Безалкохолно,Non-alcoholic,Негазирани сокови,Still Juices,,,list,Ајс ти,Ice tea,,,240,,1
coffee,Безалкохолно,Non-alcoholic,Негазирани сокови,Still Juices,,,list,Цедевита,Cedevita,поморанџа / зова / лимета,orange / elderflower / lime,220,,1
coffee,Безалкохолно,Non-alcoholic,Негазирани сокови,Still Juices,,,list,Аква Вива,Aqua Viva,,,190,,1
coffee,Безалкохолно,Non-alcoholic,Газирани сокови,Carbonated Drinks,,,list,Пепси,Pepsi,,,240,,1
coffee,Безалкохолно,Non-alcoholic,Газирани сокови,Carbonated Drinks,,,list,Пепси Макс,Pepsi Max,,,240,,1
coffee,Безалкохолно,Non-alcoholic,Газирани сокови,Carbonated Drinks,,,list,Миринда,Mirinda,,,240,,1
coffee,Безалкохолно,Non-alcoholic,Газирани сокови,Carbonated Drinks,,,list,7уп,7UP,,,240,,1
coffee,Безалкохолно,Non-alcoholic,Газирани сокови,Carbonated Drinks,,,list,Евервес тоник,Evervess tonic,,,240,,1
coffee,Безалкохолно,Non-alcoholic,Газирани сокови,Carbonated Drinks,,,list,Евервес битер лемон,Evervess bitter lemon,,,240,,1
coffee,Безалкохолно,Non-alcoholic,Газирани сокови,Carbonated Drinks,,,list,Клакер,Klaker,жути / црвени,yellow / red,220,,1
coffee,Безалкохолно,Non-alcoholic,Газирани сокови,Carbonated Drinks,,,list,Ред Бул,Red Bull,оригинал / зеро / ред едишн,original / zero / red edition,350,,1
coffee,Безалкохолно,Non-alcoholic,Газирани сокови,Carbonated Drinks,,,list,Књаз Милош газиран,Knjaz Miloš sparkling water,,,190,,1
coffee,Безалкохолно,Non-alcoholic,Газирани сокови,Carbonated Drinks,,,list,Књаз Милош са лимуном,Knjaz Miloš with lemon,,,210,,1
alcohol,Алкохолно,Alcoholic,Пиво,Beer,Точено пиво,Draft Beer,list,Нишко Нефилтрирано 0.3,Niško Unfiltered 0.3,,,260,,1
alcohol,Алкохолно,Alcoholic,Пиво,Beer,Точено пиво,Draft Beer,list,Нишко Нефилтрирано 0.5,Niško Unfiltered 0.5,,,320,,1
alcohol,Алкохолно,Alcoholic,Пиво,Beer,Точено пиво,Draft Beer,list,Нишко Лагер 0.3,Niško Lager 0.3,,,240,,1
alcohol,Алкохолно,Alcoholic,Пиво,Beer,Точено пиво,Draft Beer,list,Нишко Лагер 0.5,Niško Lager 0.5,,,300,,1
alcohol,Алкохолно,Alcoholic,Пиво,Beer,Флаширано пиво,Bottled Beer,list,Нишко мало 0.3,Niško small 0.3,4.7%,4.7%,240,,1
alcohol,Алкохолно,Alcoholic,Пиво,Beer,Флаширано пиво,Bottled Beer,list,Нишко Лагано 0.5,Niško Lagano 0.5,4%,4%,300,,1
alcohol,Алкохолно,Alcoholic,Пиво,Beer,Флаширано пиво,Bottled Beer,list,Нишки Калфа 0.5,Niški Kalfa 0.5,6% · Ароматично суво захмељено,6% · Aromatic dry-hopped,340,,1
alcohol,Алкохолно,Alcoholic,Пиво,Beer,Флаширано пиво,Bottled Beer,list,Кругер и Брент Crвено 0.5,Kruger & Brent Red 0.5,8%,8%,380,,0
alcohol,Алкохолно,Alcoholic,Пиво,Beer,Флаширано пиво,Bottled Beer,list,Синђелић,Sinđelić,,,300,,0
alcohol,Алкохолно,Alcoholic,Виски,Whiskey,,,list,Џејмисон 0.03,Jameson 0.03,,,310,,1
alcohol,Алкохолно,Alcoholic,Виски,Whiskey,,,list,Џек Денијелс 0.03,Jack Daniel's 0.03,,,350,,1
alcohol,Алкохолно,Alcoholic,Виски,Whiskey,,,list,Вестерн голд бурбон 0.03,Western Gold Bourbon 0.03,,,250,,1
alcohol,Алкохолно,Alcoholic,Рум,Rum,,,list,Хавана 0.03,Havana 0.03,,,290,,1
alcohol,Алкохолно,Alcoholic,Рум,Rum,,,list,Бакарди 0.03,Bacardi 0.03,,,290,,1
alcohol,Алкохолно,Alcoholic,Ракијa,Rakija (Brandy),,,list,Стомаклија 0.03,Stomaklia 0.03,,,220,,1
alcohol,Алкохолно,Alcoholic,Ракијa,Rakija (Brandy),,,list,Линцура 0.03,Lincura 0.03,,,220,,1
alcohol,Алкохолно,Alcoholic,Ракијa,Rakija (Brandy),,,list,Медовача 0.03,Medovača honey brandy 0.03,,,250,,1
alcohol,Алкохолно,Alcoholic,Ракијa,Rakija (Brandy),,,list,Деда Паунова шљива 0.03,Grandpa Paunov's Plum 0.03,,,230,,0
alcohol,Алкохолно,Alcoholic,Ракијa,Rakija (Brandy),,,list,Деда Паунова дуња 0.03,Grandpa Paunov's Quince 0.03,,,250,,0
alcohol,Алкохолно,Alcoholic,Ракијa,Rakija (Brandy),,,list,Деда Паунова Виљамовка 0.03,Grandpa Paunov's Pear 0.03,,,250,,0
alcohol,Алкохолно,Alcoholic,Вињак,Vinjak (Brandy),,,list,Рубинов вињак 5 0.03,Rubinov vinjak 5 0.03,,,270,,1
alcohol,Алкохолно,Alcoholic,Вермут и Аперитиви,Vermouth & Aperitifs,,,list,Вермут Рубин 0.1,Vermouth Rubin 0.1,,,240,,1
alcohol,Алкохолно,Alcoholic,Вермут и Аперитиви,Vermouth & Aperitifs,,,list,Кампари 0.03,Campari 0.03,,,250,,1
alcohol,Алкохолно,Alcoholic,Вермут и Аперитиви,Vermouth & Aperitifs,,,list,Мартини Бијанко 0.05,Martini Bianco 0.05,,,230,,1
alcohol,Алкохолно,Alcoholic,Ликери,Liqueurs,,,list,Горки лист 0.03,Gorki list 0.03,,,220,,1
alcohol,Алкохолно,Alcoholic,Ликери,Liqueurs,,,list,Јегермајстер 0.03,Jägermeister 0.03,,,280,,1
alcohol,Алкохолно,Alcoholic,Ликери,Liqueurs,,,list,Бејлис 0.03,Baileys 0.03,,,320,,1
alcohol,Алкохолно,Alcoholic,Ликери,Liqueurs,,,list,Амарето 0.03,Amaretto 0.03,,,210,,1
alcohol,Алкохолно,Alcoholic,Ликери,Liqueurs,,,list,Лимунчело Рамацоти 0.03,Ramazzotti Limoncello 0.03,,,270,,1
alcohol,Алкохолно,Alcoholic,Џин,Gin,,,list,Бифитер 0.03,Beefeater 0.03,,,230,,1
alcohol,Алкохолно,Alcoholic,Џин,Gin,,,list,Пинк бифитер 0.03,Beefeater Pink 0.03,,,230,,1
alcohol,Алкохолно,Alcoholic,Џин,Gin,,,list,Хапстед џин 0.03,Hapstead gin 0.03,,,200,,1
alcohol,Алкохолно,Alcoholic,Текила,Tequila,,,list,Хосе Куерво 0.03,Jose Cuervo 0.03,,,270,,1
alcohol,Алкохолно,Alcoholic,Текила,Tequila,,,list,Хосе Куерво голд 0.03,Jose Cuervo Gold 0.03,,,270,,1
alcohol,Алкохолно,Alcoholic,Водка,Vodka,,,list,Финландија 0.03,Finlandia 0.03,,,260,,1
alcohol,Алкохолно,Alcoholic,Винo,Wine,,,list,Жути цвет 0.187,Žuti cvet 0.187,Винарија Алексић,Aleksić Winery,450,,1
alcohol,Алкохолно,Alcoholic,Вина,Wine,,,list,Жути цвет 0.75,Žuti cvet 0.75,Винарија Алексић,Aleksić Winery,1800,,1
alcohol,Алкохолно,Alcoholic,Сајдери,Ciders,,,list,Сомерзби,Somersby,крушка / јабука / боровница,pear / apple / blueberry,340,,1
cocktails,Коктели,Cocktails,Коктели,Cocktails,,,card,Црвен Бан,Crven Ban,"Џин, Малибу, сок од јагоде, кокосов ликер, пире од јагода.","Gin, Malibu, strawberry juice, coconut liqueur, strawberry puree.",600,crvenban.png,1
cocktails,Коктели,Cocktails,Коктели,Cocktails,,,card,Нигрони,Negroni,"Џин, кампари, вермут.","Gin, Campari, vermouth.",490,negroni.png,1
cocktails,Коктели,Cocktails,Коктели,Cocktails,,,card,Матадор,Matador,"Текила, цеђени лимун, ананас.","Tequila, fresh lemon, pineapple.",480,matador.png,1
cocktails,Коктели,Cocktails,Коктели,Cocktails,,,card,Аперол Шпиц,Aperol Spritz,"Аперол, просеко, сода вода.","Aperol, prosecco, soda water.",480,aperol.png,1
cocktails,Коктели,Cocktails,Коктели,Cocktails,,,card,Куба Либре,Cuba Libre,"Бакарди, шећер, лимета, кола.","Bacardi, sugar, lime, Coca-Cola.",530,cuba.png,1
cocktails,Коктели,Cocktails,Коктели,Cocktails,,,card,Еспресито,Espressito,"Еспресо, водка, калуа, шећерни сируп.","Espresso, vodka, Kahlúa, sugar syrup.",550,espressito.png,1
cocktails,Коктели,Cocktails,Коктели,Cocktails,,,card,Јутрић Текилица,Tequila Sunrise,"Текила, сок од поморанџе, гренадин.","Tequila, orange juice, grenadine.",490,tequila_sunrise.png,1
cocktails,Коктели,Cocktails,Коктели,Cocktails,,,card,Блад енд Сенд,Blood & Sand,"Бурбон, ликер од вишње, вермут, цеђена поморанџа.","Bourbon, cherry liqueur, vermouth, fresh orange.",550,blood_sand.png,1
cocktails,Коктели,Cocktails,Коктели,Cocktails,,,card,Италијан Кис,Italian Kiss,"Кампари, џин, сок од јагоде, шећерни сируп, цеђени лимун.","Campari, gin, strawberry juice, sugar syrup, fresh lemon.",530,italian_kiss.png,1
cocktails,Коктели,Cocktails,Коктели,Cocktails,,,card,Мршава Кучка,Skinny Bitch,"Водка, лимунада, сода вода.","Vodka, lemonade, soda water.",330,skinny_bitch.png,1
cocktails,Коктели,Cocktails,Коктели,Cocktails,,,card,Мохито,Mojito,"Бакарди, шећер, лимета, нана, спрајт.","Bacardi, sugar, lime, mint, Sprite.",480,mojito.png,1
cocktails,Коктели,Cocktails,Коктели,Cocktails,,,card,Џин Тоници,Gin Tonic,"Џин / Пинк џин, тоник, дупла доза џина.","Gin / Pink gin, tonic, double gin measure.",470,gin_tonic.png,1
cocktails,Коктели,Cocktails,Коктели,Cocktails,,,card,Џин Физз,Gin Fizz,"Џин, цеђени лимун, кисела вода.","Gin, fresh lemon, soda water.",460,gin_fizz.png,1
cocktails,Коктели,Cocktails,Коктели,Cocktails,,,card,Секс он д Бич,Sex on the Beach,"Водка, сок од поморанџе, сок од брескве, сок од боровнице, гренадин.","Vodka, orange juice, peach juice, blueberry juice, grenadine.",480,,1
cocktails,Коктели,Cocktails,Коктели,Cocktails,,,card,Кампари Шпиц,Campari Spritz,"Просеко, кампари, кисела вода.","Prosecco, Campari, soda water.",550,,1
cocktails,Коктели,Cocktails,Коктели,Cocktails,,,card,Сарти Шпиц,Sarti Spritz,"Просеко, Сарти, кисела вода.","Prosecco, Sarti Rosa, soda water.",480,,1
cocktails,Коктели,Cocktails,Коктели,Cocktails,,,card,Џинџер Сол,Ginger Soul,"Водка, амарето ликер, сок од поморанџе, сок од брескве, сок од боровнице.","Vodka, Amaretto liqueur, orange juice, peach juice, blueberry juice.",470,,1
coffee,Кафа и пиће,Coffee & Drinks,Газирани сокови,Carbonated Drinks,,,list,Кока Кола,Coca Cola,,,240,,0
coffee,Кафа и пиће,Coffee & Drinks,Газирани сокови,Carbonated Drinks,,,list,Кока Кола Зиро,Coca Cola Zero,,,240,,0
coffee,Кафа и пиће,Coffee & Drinks,Газирани сокови,Carbonated Drinks,,,list,Фанта,Fanta,,,240,,0
coffee,Кафа и пиће,Coffee & Drinks,Газирани сокови,Carbonated Drinks,,,list,Спрајт,Sprite,,,240,,1
coffee,Кафа и пиће,Coffee & Drinks,Газирани сокови,Carbonated Drinks,,,list,Гуарана,Guarana,,,240,,1
coffee,Кафа и пиће,Coffee & Drinks,Газирани сокови,Carbonated Drinks,,,list,Пепси Твист,Pepsi Twist,,,240,,1
coffee,Кафа и пиће,Coffee & Drinks,Газирани сокови,Carbonated Drinks,,,list,Пепси Зиро,Pepsi Zero,,,240,,1
coffee,Кафа и пиће,Coffee & Drinks,Газирани сокови,Carbonated Drinks,,,list,Швепс тоник,Schweppes tonic,,,240,,0
coffee,Кафа и пиће,Coffee & Drinks,Газирани сокови,Carbonated Drinks,,,list,Швепс битер,Schweppes bitter lemon,,,240,,0
coffee,Кафа и пиће,Coffee & Drinks,Газирани сокови,Carbonated Drinks,,,list,Оранжина,Orangina,,,250,,1
coffee,Кафа и пиће,Coffee & Drinks,Газирани сокови,Carbonated Drinks,,,list,Ромерквеле,Romerquelle,лимунска трава,lemon grass,230,,0
coffee,Кафа и пиће,Coffee & Drinks,Газирани сокови,Carbonated Drinks,,,list,Роса газирана,Rosa sparkling,,,190,,0
coffee,Кафа и пиће,Coffee & Drinks,Газирани сокови,Carbonated Drinks,,,list,Књаз Милош мандарина,Knjaz Miloš mandarin,,,200,,1
coffee,Кафа и пиће,Coffee & Drinks,Негазирани сокови,Still Juices,,,list,Роса,Rosa still,,,190,,0
coffee,Кафа и пиће,Coffee & Drinks,Негазирани сокови,Still Juices,,,list,Некст,Next,јагода / поморанџа / шумско воће,strawberry / orange / forest fruits,240,,1
coffee,Кафа и пиће,Coffee & Drinks,Негазирани сокови,Still Juices,,,list,Куб поморанџа,Cube orange,,,240,,1
coffee,Кафа и пиће,Coffee & Drinks,Негазирани сокови,Still Juices,,,list,Липтон Ајс ти Бресква,Lipton Ice Tea Peach,,,240,,1
alcohol,Алкохол,Alcohol,Пиво,Beer,Craft пиво,Craft Beer,list,Ел Чапа 0.3,El Čapa 0.3,,,350,,1
alcohol,Алкохол,Alcohol,Пиво,Beer,Craft пиво,Craft Beer,list,Ел Чапа 0.5,El Čapa 0.5,,,450,,1
alcohol,Алкохол,Alcohol,Пиво,Beer,Craft пиво,Craft Beer,list,Хонолулу точено 0.3,Honolulu draft 0.3,,,370,,1
alcohol,Алкохол,Alcohol,Пиво,Beer,Craft пиво,Craft Beer,list,Хонолулу точено 0.5,Honolulu draft 0.5,,,450,,1
alcohol,Алкохол,Alcohol,Пиво,Beer,Craft пиво,Craft Beer,list,Хонолулу 0.5 лименка,Honolulu 0.5 can,,,450,,0
alcohol,Алкохол,Alcohol,Пиво,Beer,Craft пиво,Craft Beer,list,Јамба точено 0.5,Jamba draft 0.5,,,400,,0
alcohol,Алкохол,Alcohol,Пиво,Beer,Craft пиво,Craft Beer,list,Кајзер точено 0.3,Kaiser draft 0.3,,,370,,1
alcohol,Алкохол,Alcohol,Пиво,Beer,Craft пиво,Craft Beer,list,Кајзер точено 0.5,Kaiser draft 0.5,,,450,,1
alcohol,Алкохол,Alcohol,Пиво,Beer,Craft пиво,Craft Beer,list,Мумбаи 0.5 лименка,Mumbai 0.5 can,,,450,,0
alcohol,Алкохол,Alcohol,Пиво,Beer,Craft пиво,Craft Beer,list,Сусегадо точено 0.3,Susegado draft 0.3,,,370,,1
alcohol,Алкохол,Alcohol,Пиво,Beer,Craft пиво,Craft Beer,list,Сусегадо точено 0.5,Susegado draft 0.5,,,450,,1
alcohol,Алкохол,Alcohol,Пиво,Beer,Craft пиво,Craft Beer,list,Сусегадо 0.5 лименка,Susegado 0.5 can,,,450,,0
alcohol,Алкохол,Alcohol,Пиво,Beer,Флаширано пиво,Bottled Beer,list,Стаут Кругер и Брент 0.5,Stout Kruger & Brent 0.5,,,360,,0
alcohol,Алкохол,Alcohol,Водка,Vodka,,,list,Луксусова 0.03,Luksusowa 0.03,,,200,,1
alcohol,Алкохол,Alcohol,Ликери,Liqueurs,,,list,Малибу 0.03,Malibu 0.03,,,270,,1
alcohol,Алкохол,Alcohol,Ликери,Liqueurs,,,list,Горки лист 0.05,Gorki list 0.05,,,290,,1
alcohol,Алкохол,Alcohol,Вермут и Аперитиви,Vermouth & Aperitifs,,,list,Аперол 0.03,Aperol 0.03,,,240,,1
alcohol,Алкохол,Alcohol,Текила,Tequila,,,list,Олмека Голд 0.03,Olmeca Gold 0.03,,,270,,1
alcohol,Алкохол,Alcohol,Текила,Tequila,,,list,Олмека Силвер 0.03,Olmeca Silver 0.03,,,270,,1
alcohol,Алкохол,Alcohol,Ракије,Rakija (Brandy),,,list,Наслеђе шљива 0.03,Nasledje plum 0.03,,,230,,1
alcohol,Алкохол,Alcohol,Ракије,Rakija (Brandy),,,list,Наслеђе дуња 0.03,Nasledje quince 0.03,,,250,,1
alcohol,Алкохол,Alcohol,Ракије,Rakija (Brandy),,,list,Наслеђе виљамовка 0.03,Nasledje pear 0.03,,,250,,1
alcohol,Алкохол,Alcohol,Вина,Wine,,,list,Бланк,Blanc,,,360,,0
alcohol,Алкохол,Alcohol,Сајдери,Ciders,,,list,Сомерзби бресква,Somersby Peach,,,340,,1
cocktails,Коктели,Cocktails,Коктели,Cocktails,,,card,Лонг ајленд,Long Island,"Водка, текила, рум, трипл сек, Спрајт.","Vodka, tequila, rum, triple sec, Sprite.",700,,1
cocktails,Коктели,Cocktails,Коктели,Cocktails,,,card,Секс на клупи,Sex on the Bench,,,480,,1
cocktails,Коктели,Cocktails,Коктели,Cocktails,,,card,Ђинџер сол,Ginger Soul,"Џин, ђумбир биро, лимун.","Gin, ginger beer, lemon.",470,,1
cocktails,Коктели,Cocktails,Коктели,Cocktails,,,card,Ђус водка,Djus Vodka,"Водка, воћни сок.","Vodka, fruit juice.",400,,1
cocktails,Коктели,Cocktails,Коктели,Cocktails,,,card,Кампари ђус,Campari Juice,"Кампари, сок од поморанџе.","Campari, orange juice.",420,,1
cocktails,Коктели,Cocktails,Коктели,Cocktails,,,card,Кампари шпиц,Campari Spritz,"Кампари, просеко, сода вода.","Campari, prosecco, soda water.",550,,1
cocktails,Коктели,Cocktails,Коктели,Cocktails,,,card,Сарти шпиц,Sarti Spritz,"Сарти Росадо, просеко, сода вода.","Sarti Rosado, prosecco, soda water.",480,,1
cocktails,Коктели,Cocktails,Коктели,Cocktails,,,card,Пинк џин тоник,Pink Gin Tonic,"Пинк џин, тоник.","Pink gin, tonic.",470,,1
cocktails,Коктели,Cocktails,Коктели,Cocktails,,,card,Шот Црвен Бан,Crven Ban Shot,"Џин, Малибу, сок од јагоде, кокосов ликер, пире од јагода.","Rubin, Malibu, strawberry puree.",200,,1
raw,Репромат,Raw Materials,Сирупи,Syrups,,,list,Монин кокос,Monin coconut,,,70,,0
raw,Репромат,Raw Materials,Сирупи,Syrups,,,list,Монин лешник,Monin hazelnut,,,70,,0
raw,Репромат,Raw Materials,Сирупи,Syrups,,,list,Монин пистаћ,Monin pistachio,,,70,,0
raw,Репромат,Raw Materials,Сирупи,Syrups,,,list,Монин ванила Мадагаскар,Monin Madagascar vanilla,,,70,,0
raw,Репромат,Raw Materials,Састојци,Ingredients,,,list,Цеђени лимун 0.03,Fresh lemon 0.03,,,60,,0
raw,Репромат,Raw Materials,Састојци,Ingredients,,,list,Тоник 150мл,Tonic 150ml,,,50,,0
raw,Репромат,Raw Materials,Састојци,Ingredients,,,list,Просеко 0.03,Prosecco 0.03,,,70,,0
raw,Репромат,Raw Materials,Састојци,Ingredients,,,list,Вермут рубин 0.03,Vermouth Rubin 0.03,,,80,,0
raw,Репромат,Raw Materials,Састојци,Ingredients,,,list,Сок јагода 0.1,Strawberry juice 0.1,,,100,,0
raw,Репромат,Raw Materials,Пакети,Packages,,,list,Брзи Брод,Brzi Brod,Џемисон 1л + 4×Ред Бул,Jameson 1L + 4×Red Bull,9900,,0
raw,Репромат,Raw Materials,Пакети,Packages,,,list,Ледена Стена,Ledena Stena,Финландија + 4×Ред Бул,Finlandia + 4×Red Bull,8990,,0
